{
  "dx": -4.1291988965451,
  "dy": 2.8181290924480518,
  "bscale": 0.9177419354838708,
  "xtfac": 0.012854,
  "xtdyn": 0.0,
  "fs": 10.0,
  "note": "known-good calibration snapshot; RESET restores these tuning values. Eye-order (swap/vflip) is NOT reset (per-source toggle: F / V)."
}