{"dx": -4.1291988965451, "dy": 2.8181290924480518}