{
  "Slant": 0.28999999165534973,
  "FilterSlope": 10.0,
  "FilterWidth": 0.10000000149011612,
  "N": 1.5,
  "DoN": 1.5,
  "Px": 1.7999999523162842,
  "Pattern": 0.0,
  "XTalkFactor": 0.012853500433266163,
  "XTalkDynamic": 0.0,
  "optPos": [
    0.0,
    8.391599655151367,
    65.11128997802734
  ]
}